Keyword,Difficulty,Volume
vitamin shoppe,19,549000
vitamin d,87,247000
vitamin b12,86,144000
vitamin d deficiency,82,141000
vitamin c,88,101000
the vitamin shoppe,33,88000
vitamin e,77,84000
vitamin k,74,83000
vitamin a,83,80000
vitamin d3,80,75000
vitamin b6,72,52000
lucky vitamin,14,50000
vitamin world,26,46000
vitamin e acetate,60,43000
vitamin b12 deficiency,78,41000
vitamin d deficiency symptoms,74,39000
vitamin d foods,79,38000
vitamin shoppe near me,33,37000
vitamin k2,58,36000
vitamin b,80,34000
vitamin c serum,46,31000
vitamin,83,28000
vitamin b1,63,27000
vitamin water,39,26000
vitamin e oil,55,26000
low vitamin d,75,24000
vitamin a foods,69,23000
vitamin d supplement,71,22000
what does vitamin d do,89,21000
vitamin b complex,60,21000
b12 vitamin,84,19000
best vitamin c serum,34,19000
vitamin d benefits,59,18000
vitamin c foods,75,18000
vitamin b3,73,18000
foods high in vitamin d,69,17000
vitamin b2,60,16000
foods with vitamin d,76,16000
too much vitamin d,56,16000
vitamin shop,24,16000
vitamin d2,30,15000
vitamin deficiency,74,15000
vitamin c benefits,75,15000
symptoms of vitamin d deficiency,80,15000
vitamin b12 foods,65,15000
vitamin e foods,67,15000
vitamin a deficiency,55,15000
vitamin b17,20,15000
vitamin k foods,48,15000
liposomal vitamin c,23,14000
b6 vitamin,72,13000
vitamin e benefits,77,13000
vitamin store near me,88,13000
vitamin b12 benefits,67,12000
vitamin c deficiency,53,12000
low vitamin d symptoms,80,12000
vitamin b5,54,12000
vitamin k deficiency,38,11000
foods high in vitamin c,76,11000
best vitamin d supplement,36,10000
what happens when your vitamin d is low,74,10000
vitamin cottage,22,10000
vitamin a benefits,66,10000
sources of vitamin d,84,9800
vitamin d levels,76,9600
too much vitamin c,49,9500
vitamin d dosage,79,9400
what is vitamin d,90,9300
vitamin d overdose,48,9300
vitamin b12 deficiency symptoms,70,9200
symptoms of low vitamin d,75,9100
k2 vitamin,57,8900
d3 vitamin,78,8700
vitamin store,95,8400
what is the best vitamin for leg cramps,12,8000
vitamin b9,67,8000
vitamin b deficiency,69,8000
vitamin water zero,10,7900
how much vitamin d should i take,46,7800
mad hippie vitamin c serum,12,7700
benefits of vitamin d,72,7700
foods high in vitamin a,68,7700
what does vitamin c do,88,7700
foods with vitamin a,67,7600
what are the symptoms of low vitamin d,74,7600
vitamin d side effects,69,7600
vitamin e deficiency,31,7500
foods high in vitamin k,52,7300
what is the best vitamin for arthritis,33,7300
vitamin shoppe coupon,63,7100
vitamin b 12,86,7000
vitamin d3 side effects,61,6900
what is the best vitamin for neuropathy,29,6900
vitamin d toxicity,59,6800
vitamin d3 benefits,61,6800
what is vitamin k,74,6700
vitamin a toxicity,51,6600
vitamin string quartet,15,6600
what is vitamin b12 good for,66,6600
vitamin d sources,79,6600
vitamin k benefits,66,6600
swanson vitamin,54,6500
what happens when your vitamin b12 is low,70,6400
foods rich in vitamin d,76,6300
b17 vitamin,23,6200
the ordinary vitamin c,12,6200
what does vitamin b12 do,79,6100
vitamin a swim,12,6000
vitamin d rich foods,76,6000
vitamin b6 foods,53,6000
the vitamin shoppe near me,31,5900
biotin vitamin,74,5900
normal vitamin d level,65,5900
vitamin c overdose,49,5800
what vitamin deficiency can cause dizziness,42,5800
vitamin b foods,65,5700
vitamin shoppe hours,18,5700
what vitamin deficiencies cause tingling in the hands and feet,31,5700
vitamin d2 vs d3,14,5600
benefits of vitamin c,47,5600
foods with vitamin c,71,5600
best source of vitamin c,76,5600
what is the best vitamin for memory,41,5400
vitamin b6 benefits,70,5400
vitamin b12 overdose,43,5300
how much vitamin c is too much,61,5300
vitamin b-12,86,5300
what does vitamin k do,69,5300
vitamin d3 supplement,69,5300
signs of vitamin d deficiency,81,5200
vitamin d deficiency treatment,74,5200
what does vitamin a do,72,5200
vitamin d3 dosage,73,5200
vitamin d 25 hydroxy,59,5100
vitamin supplements,75,5100
b1 vitamin,63,5100
what does vitamin b6 do,70,5100
foods with vitamin k,48,5100
b2 vitamin,60,5100
vitamin a sources,69,5100
vitamin b12 dosage,55,5100
iron vitamin,67,5000
what foods have vitamin d,76,5000
vitamin b deficiency symptoms,69,5000
foods with vitamin e,67,5000
b12 vitamin benefits,67,4900
what is vitamin d good for,76,4900
what does vitamin d3 do,84,4900
vitamin stores near me,76,4900
vitamin c graduation,12,4900
foods high in vitamin e,66,4800
vitamin e oil for skin,47,4800
vitamin water flavors,22,4700
vitamin shoppe promo code,63,4600
what is vitamin e good for,76,4600
vitamin d vs d3,16,4600
b3 vitamin,69,4600
vitamin d supplements,75,4600
vitamin d deficiency causes,80,4500
what are the benefits of taking vitamin c,79,4500
how much vitamin d,49,4500
what is vitamin b12,85,4500
what is the best vitamin for hair loss,49,4500
sources of vitamin c,75,4500
vitamin b6 deficiency,59,4400
what is the difference between vitamin d and vitamin d3,16,4400
what foods are high in vitamin d,76,4400
can lack of vitamin d cause weight gain,29,4300
vitamin shoppe coupons,63,4300
vitamin b12 shots,32,4300
vitamin k2 foods,48,4300
foods with vitamin b12,65,4200
what does vitamin e do,77,4200
how to get vitamin d,71,4100
b5 vitamin,54,4100
food with vitamin d,79,4100
can you take too much vitamin d,50,4000
vitamin a deficiency symptoms,51,4000
vitamin b12 injections,32,4000
lack of vitamin d,72,4000
can you overdose on vitamin c,37,3900
best vitamin c supplement,35,3900
vitamin d and calcium,37,3900
vitamin a palmitate,28,3900
vitamin b12 supplements,75,3900
how much vitamin d3 should i take daily,46,3800
too much vitamin a,61,3800
vitamin c supplements,80,3800
is vitamin d deficiency serious,71,3700
vitamin c rich foods,76,3700
what is the benefits of taking vitamin e,77,3700
the vitamin shoppe locations,40,3700
what is the best vitamin for nerve damage,38,3700
vitamin e cream,11,3700
vitamin d 3,78,3700
what is vitamin d3,83,3700
benefits of vitamin e,72,3700
does vitamin d give you energy,40,3700
folic acid vitamin,77,3700
side effects of vitamin d,69,3600
vitamin c for skin,52,3600
vitamin world near me,21,3600
vitamin d3 deficiency,81,3600
how can i raise my vitamin d level quickly,65,3500
vitamin b7,52,3500
what is vitamin a good for,72,3500
sources of vitamin a,72,3500
what is vitamin c,84,3500
vitamin shoppe locations,33,3500
too much vitamin b12,34,3500
timeless vitamin c,35,3500
lucky vitamin coupon,61,3500
how much vitamin d is too much,68,3500
vitamin b12 side effects,39,3400
is 1000mg of vitamin c safe,48,3400
vitamin b12 dosage for seniors,10,3400
what is the best vitamin for erectile dysfunction,12,3400
vitamin e for skin,61,3400
b complex vitamin,60,3400
which fruit is high in vitamin d,62,3300
does vitamin b12 give you energy,29,3300
vitamin c tablets,59,3200
vitamin c serum benefits,40,3200
how much vitamin a per day,72,3200
low vitamin d and weight gain,28,3200
vitamin d3 5000 iu,11,3200
what are the benefits of taking vitamin b12,69,3200
what vitamin should i take for hair loss,42,3200
vitamin e sources,72,3200
vitamin for hair,52,3200
vitamin c deficiency symptoms,46,3200
vitamin deficiency symptoms,74,3100
vitamin b12 sources,78,3100
calcium and vitamin d,35,3100
can you overdose on vitamin d,44,3100
vitamin patches,23,3000
vitamin h,52,3000
is vitamin water good for you,14,3000
what causes vitamin d deficiency,72,3000
which foods are high in vitamin a,65,2900
what is vitamin c good for,79,2900
what vitamin deficiency causes vertical lines in fingernails,36,2900
vitamin d 50000 iu,25,2900
can you take too much vitamin c,57,2900
sources of vitamin b12,65,2900
vitamin k function,75,2800
vitamin k food,59,2800
what is vitamin b6,74,2800
vitamin packs,16,2800
mario badescu vitamin c serum,19,2800
what does vitamin a do in the human body,71,2800
vitamin k deficiency symptoms,35,2800
what is a good vitamin for dry eyes,31,2700
how much vitamin a is too much,70,2700
what is vitamin e,79,2700
vitamin e capsules,39,2700
what has vitamin c,78,2700
vitamin k1,48,2700
vitamin vape,10,2700
vitamin d3 deficiency symptoms,75,2700
vitamin b6 deficiency symptoms,58,2700
foods high in vitamin b,63,2700
what food is highest in vitamin c,69,2700
lypo spheric vitamin c,21,2700
vitamin b-6,77,2700
what foods have vitamin a,75,2700
vitamin c and fiber,39,2700
best vitamin brands,39,2600
b12 vitamin foods,65,2600
vitamin d sun,76,2600
vitamin e for scars,17,2600
vitamin e overdose,32,2600
drunk elephant vitamin c,17,2600
foods high in vitamin b12,65,2600
vitamin b6 toxicity,13,2600
vitamin d from the sun,79,2600
difference between vitamin d and d3,19,2600
vitamin overdose,33,2600
vitamin c sources,72,2600
how can i increase my vitamin d level,72,2600
vitamin d function,82,2600
how much vitamin d do i need,45,2600
foods with vitamin b,69,2500
vitamin b1 deficiency,45,2500
vitamin k2 benefits,60,2500
what food are high in vitamin d,69,2500
vitamin c toxicity,51,2500
how can i raise my vitamin d levels quickly,71,2500
vitamin b complex benefits,57,2500
vitamin d lamp,19,2500
vitamin e dosage,69,2500
vitamin e structure,15,2500
vitamin e deficiency symptoms,40,2500
best vitamin c,37,2500
vitamin a overdose,46,2500
vitamin d pills,70,2500
foods rich in vitamin c,69,2400
b 12 vitamin,85,2400
b-12 vitamin,85,2400
prenatal vitamin,54,2400
vitamin a function,70,2400
good sources of vitamin d,76,2400
international vitamin corporation,11,2400
which vitamin is best for immune system,60,2400
vitamin d test,46,2400
how much vitamin d per day,59,2400
best vitamin d,39,2400
what vitamin are you lacking if you are tired all the time,12,2400
vitamin shoppe careers,12,2400
vitamin e toxicity,71,2300
foods rich in vitamin a,61,2300
sources of vitamin e,72,2300
potassium vitamin,66,2300
sources of vitamin k,63,2300
vitamin e supplement,74,2300
vitamin d normal range,68,2300
vitamin b3 deficiency,43,2300
how much vitamin c per day,64,2300
vitamin k sources,69,2300
symptoms of too much vitamin d,56,2300
how can i boost my vitamin d,73,2300
vitamin k shot,22,2300
b9 vitamin,67,2300
which fruits and vegetables have vitamin b12,58,2300
what does vitamin c do for your skin,43,2300
vitamin d and depression,46,2300
what happens if vitamin d is low,75,2300
vitamin for energy,34,2200
what has vitamin d,76,2200
benefits of vitamin d3,61,2200
what foods have vitamin c,72,2200
vitamin d3 2000 iu,16,2200
vitamin d absorption,65,2200
how much vitamin c should i take,71,2200
vitamin d drops,22,2200
the vitamin shop,31,2200
too much vitamin b,66,2200
vitamin definition,30,2200
vitamin c dosage,79,2200
vitamin a rich foods,59,2200
is vitamin k potassium,20,2200
vitamin d deficiency symptoms dizziness,56,2200
vitamin a supplement,75,2200
what is vitamin a,78,2200
what is vitamin e acetate,55,2200
what fruit is highest in vitamin c,72,2200
vitamin c side effects,54,2100
vitamin d structure,40,2100
vitamin stores,93,2100
low vitamin d levels,79,2100
high vitamin b12,30,2100
vitamin c serum for face,34,2100
how much vitamin d3 should i take,46,2100
what is vitamin d3 good for,61,2100
vitamin b3 benefits,51,2100
food sources of vitamin d,73,2100
vitamin deficiency test,18,2100
low vitamin b12,77,2100
vitamin a supplements,80,2100
zinc vitamin,80,2100
vitamin k2 supplement,50,2100
vitamin shops near me,77,2100
vitamin b4,58,2100
vitamin c oil,39,2100
vitamin world coupon,57,2100
vitamin b3 foods,26,2100
can you have too much vitamin d,58,2100
vertical ridges on nails vitamin deficiency,34,2100
benefits of vitamin a,71,2000
vitamin e rich foods,58,2000
best time to take vitamin d,39,2000
is 1000mg of vitamin c too much,48,2000
lypo-spheric vitamin c,28,2000
high vitamin c foods,69,2000
how much vitamin d should i take if i'm deficient,52,2000
foods that contain vitamin d,76,2000
which vitamin is best for eyes,36,2000
what does vitamin b do,79,2000
symptoms of vitamin b12 deficiency,77,2000
how much vitamin c is in an orange,49,2000
vitamin d milk,14,2000
is vitamin c water soluble,51,2000
vitamin k2 side effects,47,2000
how much vitamin b12 should i take,67,2000
vitamin d deficiency cancer symptoms,58,2000
iv vitamin therapy,11,2000
vaping vitamin e,41,2000
what vitamin do you get from the sun,73,2000
vitamin d council,12,2000
vitamin b 6,74,2000
normal vitamin d levels,62,2000
b vitamin complex,59,2000
vitamin e function,78,2000
magnesium vitamin,78,2000
vitamin d3 foods,76,1900
vitamin d food,83,1900
vitamin b12 levels,66,1900
what is the best vitamin for tinnitus,12,1900
vitamin b1 foods,52,1900
why is vitamin d important,88,1900
what are the benefits of taking vitamin d,79,1900
what foods have vitamin b12,65,1900
vitamin b12 deficiency anemia,66,1900
how much vitamin d should you take,46,1900
vitamin b benefits,64,1900
what causes low vitamin d,74,1900
what foods are highest in vitamin d,69,1900
sun vitamin,79,1900
vitamin b2 benefits,40,1900
what's the difference between vitamin d and vitamin d3,15,1900
vitamin from the sun,79,1900
free vitamin and herb catalogs,22,1900
what is vitamin k2,68,1800
vitamin shoppe cbd oil,12,1800
what vitamin deficiency causes ringing in the ears,14,1800
linus pauling vitamin c,46,1800
vitamin life,14,1800
vitamin d overdose symptoms,53,1800
high dose vitamin c,74,1800
vitamin b12 injection,37,1800
vitamin b12 name,39,1800
what vitamin is good for your lungs,14,1800
vitamin d 5000 iu,14,1800
should i take vitamin d or d3,46,1800
fruits high in vitamin c,69,1800
side effects of too much vitamin d,60,1800
vitamin d 2000 iu,12,1800
vitamin d synthesis,70,1800
how to increase vitamin d,80,1800
vitamin for hair loss,50,1800
vitamin c pills,77,1800
what is vitamin k good for,71,1800
vitamin b12 supplement,71,1800
why do doctors prescribe vitamin d2 instead of d3,19,1800
what is the best vitamin for stiff joints,36,1800
low vitamin d causes,81,1800
what foods are highest in vitamin c,72,1800
vitamin c for dogs,12,1800
niacin vitamin,69,1800
vitamin c cream,18,1700
vitamin b12 dosage 5000 mcg,39,1700
foods containing vitamin d,76,1700
what vitamin helps the body make red blood cells,41,1700
vitamin a structure,57,1700
folic acid vitamin b,36,1700
vitamin b complex dosage,42,1700
vitamin b8,13,1700
is vitamin c bad for your kidneys,49,1700
what are the side effects of too much vitamin b12,45,1700
b vitamin deficiency,75,1700
folate vitamin,80,1700
lucky vitamin promo code,61,1700
milk vitamin d,42,1700
vitamin e oil for scars,22,1700
how much vitamin d to take,50,1700
is vitamin e good for scars,22,1700
food high in vitamin d,62,1700
klairs vitamin c,12,1700
vitamin d level chart,77,1700
vitamin k supplement,64,1700
what is vitamin b complex used for,57,1700
vitamin k rich foods,48,1700
vitamin c for face,45,1600
best vitamin d3,37,1600
good source of vitamin d,83,1600
vegan vitamin d,19,1600
what vitamin helps with tiredness,26,1600
vitamin e oil on face,37,1600
sun vitamin d,79,1600
vitamin d blood test,46,1600
is vitamin a water soluble,37,1600
orange vitamin c,63,1600
vitamin world locations,11,1600
food high in vitamin c,76,1600
vitamin shoppe stock,20,1600
vitamin d deficiency depression,47,1600
vitamin discount center,46,1600
the vitamin store,52,1600
vitamin a swimwear,14,1600
best form of vitamin c,41,1600
vitamin b12 levels chart,18,1600
how much vitamin c in an orange,52,1600
vitamin for eyes,33,1600
best mens vitamin,42,1600
best b12 vitamin,22,1600
symptoms of vitamin b deficiency,69,1600
vitamin b12 function,84,1600
too much vitamin e,57,1600
vitamin c function,87,1600
vitamin c structure,39,1600
vitamin c supplement,78,1600
food with vitamin a,70,1600
vitamin b6 dosage,57,1600
best vitamin for hair growth,52,1500
what are the side effects of taking vitamin e,58,1500
vitamin d depression,41,1500
can vitamin b12 deficiency cause cold hands and feet,53,1500
which fruit has the most vitamin c,69,1500
multi vitamin,59,1500
fruits with vitamin c,76,1500
vitamin for memory,38,1500
does vitamin c help colds go away,56,1500
vitamin d low,76,1500
does vitamin a cause hair loss,62,1500
vitamin e side effects,64,1500
vitamin shop near me,33,1500
vitamin d deficiency effects,80,1500
can vitamin d help you lose weight,21,1500
what foods have vitamin e,66,1500
does vitamin d3 give you energy,48,1500
vitamin c food sources,72,1500
best vitamin b12,22,1500
vitamin e oil benefits,48,1500
what are the side effects of taking calcium with vitamin d,44,1500
vitamin b2 deficiency,56,1500
what is a normal vitamin d level,76,1500
foods rich in vitamin b12,65,1500
vitamin d calcium,34,1500
vitamin k3,20,1500
vitamin d with k2,20,1500
what does vitamin k do to your body,69,1500
best vitamin b complex,17,1500
vitamin e acetate vape,57,1500
best vitamin d3 supplement,36,1500
vitamin b12 structure,18,1500
vitamin b overdose,60,1500
vitamin c flush,12,1500
calcium with vitamin d,34,1500
how soon does vitamin b12 start working,11,1500
vitamin k toxicity,48,1400
what vitamin helps with muscle spasms,18,1400
vitamin b supplements,43,1400
vitamin brands,28,1400
vitamin d2 1.25 mg,14,1400
skinceuticals vitamin c,43,1400
best source of vitamin d,77,1400
good sources of vitamin c,75,1400
graduation vitamin c,12,1400
is vitamin d water soluble,47,1400
does vitamin e really help with hot flashes,26,1400
vitamin d 1000 iu,21,1400
what vitamin is good for hair,48,1400
foods rich in vitamin k,48,1400
what is the best time to take vitamin d,39,1400
what foods are high in vitamin a,69,1400
50 cent vitamin water,14,1400
how to take vitamin d,74,1400
when should i take vitamin d morning or night,34,1400
vitamin b2 foods,55,1400
vitamin b1 benefits,39,1400
how much vitamin d is in a glass of milk,13,1400
when to take vitamin d,55,1400
effects of vitamin d deficiency,80,1400
what kind of vitamin deficiency makes you cold,42,1400
benefits of vitamin k,69,1400
vitamin d hair loss,13,1400
vitamin c skin benefits,40,1400
how much vitamin c should i take daily,71,1400
glaceau vitamin water,39,1400
vitamin d3 vs d2,13,1400
vitamin gummies,31,1400
sources of vitamin k2,58,1400
signs of low vitamin d,74,1400
what foods have vitamin k,48,1400
vitamin d range,63,1400
food rich in vitamin d,69,1400
too much vitamin d symptoms,69,1400
food high in vitamin a,61,1400
vitamin b12 toxicity,56,1300
nature made vitamin d,12,1300
pure vitamin e oil,16,1300
do vitamin d supplements work,54,1300
vitamin d tablets,58,1300
what is vitamin b good for,68,1300
how to get more vitamin d,73,1300
diy vitamin c serum,22,1300
vitamin d vegetables,62,1300
vitamin k name,43,1300
are there any side effects when taking vitamin d,61,1300
swanson vitamin coupon,64,1300
too much vitamin k,65,1300
vitamin b 17,33,1300
biotin vitamin b,60,1300
what happens if you take too much vitamin d,52,1300
vitamin d hydroxy,49,1300
vitamin d insufficiency,73,1300
vitamin a dosage,61,1300
vitamin c fruits,69,1300
vitamin shoppe coupon code,62,1300
vitamin c in orange,52,1300
foods highest in vitamin c,72,1300
best vitamin b12 supplement,18,1300
vitamin for skin,40,1300
vitamin e acetate juul,34,1300
is it dangerous to have high vitamin b12,32,1300
can vitamin c,83,1300
causes of low vitamin d,75,1300
daily vitamin c,78,1300
best vitamin e supplement,57,1300
vitamin b6 side effects,64,1300
b7 vitamin,28,1300
calcium vitamin d,58,1300
what vitamin is good for skin,29,1300
vitamin d food sources,83,1300
best way to get vitamin d,74,1300
sunshine vitamin,63,1300
vitamin c skincare,46,1300
b vitamin foods,60,1300
what food has vitamin d,76,1300
the vitamin shoppe coupon,62,1300
what are the symptoms of low vitamin b1,12,1300
vitamin d 50000,28,1300
timeless vitamin c serum,35,1300
what vitamin comes from the sun,75,1300
rda vitamin d,69,1300
what vitamin deficiency causes lines in nails,28,1300
vitamin d3 dosage 50000 iu,30,1300
vitamin b12 test,31,1300
vitamin a toxicity symptoms,46,1300
how much vitamin d should i take a day,46,1300
selenium vitamin,71,1300
best time of day to take vitamin d,37,1300
how much is too much vitamin d,55,1300
vitamin d foods for vegetarians,25,1300
is it safe to take 500mg of vitamin c daily,63,1300
what does vitamin e do for your skin,61,1300
foods rich in vitamin e,63,1300
symptoms vitamin d deficiency,75,1300
do apples have vitamin c,36,1300
is vitamin c an antioxidant,63,1300
what does vitamin b3 do,64,1300
vitamin drip,20,1200
foods high in vitamin b6,53,1200
vitamin d wiki,40,1200
does vitamin shoppe sell cbd oil,12,1200
vitamin b12 normal range,18,1200
vitamin b12 foods for vegetarians,37,1200
vitamin b complex benefits and side effects,57,1200
can vitamin d reverse diabetes,12,1200
is folic acid and vitamin b12 the same thing,49,1200
what is the best vitamin for memory and focus,42,1200
vitamin c 1000mg,10,1200
what is a vitamin,82,1200
is vitamin water healthy,13,1200
vitamin shoppe.com,45,1200
nac vitamin,38,1200
too much vitamin b6,57,1200
what does vitamin d do for your body,77,1200
is too much vitamin c bad,57,1200
what vitamin deficiency causes sugar cravings,16,1200
which fruit has more vitamin c than an orange,32,1200
vitamin shopp,42,1200
foods that have vitamin d,66,1200
foods with vitamin b6,53,1200
vitamin b12 foods list,62,1200
food with vitamin k,48,1200
what are the benefits of taking vitamin a,72,1200
what is vitamin d for,90,1200
vitamin d rda,69,1200
vitamin d2 deficiency,65,1200
what happens if vitamin d3 is low,72,1200
pineapple vitamin c,67,1200
vitamin d toxicity symptoms,47,1200
vitamin d 25-hydroxy normal range,51,1200
causes of vitamin d deficiency,80,1200
best vitamin c serum 2019,41,1200
how much vitamin b complex should i take daily,51,1200
what are the symptoms of too much vitamin b6,61,1200
foods high in vitamin k2,47,1200
how to use vitamin c serum,26,1200
is 1000mg vitamin c safe,42,1200
vitamin c for colds,51,1200
vitamin b5 benefits,44,1200
vitamin d 25-hydroxy,51,1200
what is the first sign of vitamin a deficiency,35,1200
vitamin shope,24,1200
food with vitamin c,72,1200
vitamin d level,77,1200
vitamin a recommended daily intake,75,1100
what can cause low vitamin d,74,1100
swanson vitamin coupon code,63,1100
natural vitamin c,45,1100
vitamin c packets,37,1100
vitamin d metabolism,32,1100
warfarin and vitamin k,14,1100
what happens if you take too much vitamin c,53,1100
does vitamin d affect sleep,27,1100
vitamin d-3,78,1100
liposomal vitamin c hoax,43,1100
sources of vitamin b,43,1100
symptoms of low vitamin b12,70,1100
best sources of vitamin d,83,1100
vitamin c and iron,19,1100
can vitamin d deficiency be a sign of cancer,54,1100
active form of vitamin d,76,1100
vitamin d deficiency hair loss,11,1100
severe vitamin d deficiency,72,1100
vitamin b complex side effects,51,1100
best multi vitamin,43,1100
50000 iu vitamin d,28,1100
50000 vitamin d,28,1100
good sources of vitamin a,69,1100
what foods are high in vitamin b12,67,1100
what fruit has the most vitamin c,60,1100
vitamin for hair growth,51,1100
side effects of low vitamin d,73,1100
what are the side effects of taking vitamin b**,67,1100
is it safe to take 5000 iu of vitamin d3 daily,28,1100
what is vitamin b6 good for,64,1100
what has vitamin a,77,1100
vitamin b17 foods,15,1100
what are the benefits of taking vitamin b6,69,1100
vitamin e food,64,1100
why do we need vitamin d,79,1100
how do i apply vitamin e to my hair,12,1100
vitamin d3 and k2,21,1100
what happens if your vitamin d is too low,78,1100
what is the best time to take vitamin d*,39,1100
food with vitamin b,69,1100
how much vitamin e per day,66,1100
vitamin d daily dose,76,1100
vitamin b injections,31,1100
b 17 vitamin,31,1100
what is vitamin d2 used for,22,1100
what is the best form of vitamin d to take,44,1100
vitamin d light,33,1100
vitamin d deficiency in adults,74,1100
how do i get more vitamin d,75,1100
vitamin a cream,44,1100
b6 vitamin benefits,69,1100
function of vitamin d,86,1100
vitamin k and warfarin,13,1100
vitamin b-1,63,1100
vitamin d and sleep,31,1100
can vitamin e be applied directly on hair,12,1100
5000 iu vitamin d,13,1100
niacinamide and vitamin c,11,1100
can you get too much vitamin d,57,1100
best vitamin for energy,35,1100
what is best vitamin for hair loss,44,1100
what is the best vitamin for energy,32,1100
vitamin d in food,83,1100
vitamin e oil for face,37,1100
vitamin a rda,67,1000
what vitamin deficiency causes cracks in the corners of the mouth,18,1000
vitamin c daily intake,73,1000
how much vitamin d do you need,45,1000
vitamin k overdose,44,1000
vitamin angels,20,1000
thiamine vitamin,63,1000
vitamin b sources,68,1000
how much is too much vitamin c,66,1000
how to flush vitamin d out of system,13,1000
what is the best vitamin for joint pain,37,1000
orange juice vitamin c,26,1000
can you take too much vitamin b12,40,1000
what is the best way to absorb vitamin d,55,1000
can you overdose on vitamin b12,43,1000
how much vitamin b6 per day,73,1000
vitamin a side effects,51,1000
vitamin e uses,76,1000
infant vitamin d drops,17,1000
b12 vitamin deficiency,82,1000
paba vitamin,17,1000
do bananas have vitamin c,56,1000
vitamin d and magnesium,31,1000
what happens if you take too much vitamin b12,57,1000
vitamin c diarrhea,48,1000
best vitamin brands consumer reports,39,1000
which vegetable is high in vitamin d,69,1000
difference between vitamin d2 and d3,11,1000
vitamin b5 foods,44,1000
what foods contain vitamin d,76,1000
vitamin a food,64,1000
vitamin d for kids,24,1000
natural sources of vitamin d,76,1000
vitamin d for babies,43,1000
ritual vitamin,42,1000
"vitamin d, 25-hydroxy",51,1000
vitamin b shots,31,1000
effects of low vitamin d,74,1000
how much vitamin e should i take,62,1000
bruising easily vitamin deficiency,26,1000
vitamin e skin,61,1000
vitamin d3 ingredients,39,1000
what happens when you have too much vitamin b12 in your body,39,1000
vitamin e vaping,54,1000
what is vitamin b,79,1000
costco vitamin d,12,1000
what vitamin are you lacking if your nails are brittle,21,1000
vitamin d3 overdose,49,1000
how much vitamin c,77,1000
what are the symptoms of low vitamin b6,61,1000
which food is high in vitamin k,40,1000
vitamin deficiency anemia,46,1000
vitamin quiz,38,1000
food sources of vitamin a,70,1000
is it better to take vitamin d at night or in the morning,27,1000
which foods contain the most vitamin k,39,1000
can you have too much vitamin c,57,1000
vitamin d sun exposure chart,56,1000
how many mg of vitamin c per day,59,1000
cbd oil vitamin shoppe,11,1000
best vitamin c serum for face,34,1000
what is vitamin b** good for,48,1000
what is the best vitamin for cancer patients,17,1000
banana vitamin c,57,1000
what vitamin deficiency causes arthritis,24,1000
